dataset,block,condition,orderPosition,elapsedSec,numInferences,secPerInference,measuredWatts,energyJPerInference,theoreticalMACReduction,stalled,overrunRatio
MNIST,1,pruned,1,60.0475128,305792,0.000196367180305567,25.1623,0.00494104990100277,22.2644376899696,0,1.00079188
MNIST,1,baseline,2,60.019689,276864,0.000216784013089459,25.0244333333333,0.00542489708328963,22.2644376899696,0,1.00032815
MNIST,1,baseline_ft,3,60.0046737,272256,0.000220397984617419,23.9959,0.00528864799908112,22.2644376899696,0,1.000077895
MNIST,2,pruned,1,60.0401403,300544,0.000199771548591887,23.7378,0.00474213706616449,22.2644376899696,0,1.000669005
MNIST,2,baseline_ft,2,60.0181228,266752,0.000224995961792226,23.6085666666667,0.00531183216370257,22.2644376899696,0,1.00030204666667
MNIST,2,baseline,3,60.0124831,270208,0.000222097358701445,23.7664333333333,0.00527846206908731,22.2644376899696,0,1.00020805166667
MNIST,3,baseline,1,60.0243733,271488,0.000221094019993517,23.9182666666667,0.00528818572861028,22.2644376899696,0,1.00040622166667
MNIST,3,baseline_ft,2,60.0088578,273408,0.000219484644926264,23.1574,0.00508269371641547,22.2644376899696,0,1.00014763
MNIST,3,pruned,3,60.0066519,296960,0.000202069813779634,22.5922,0.00456520164687224,22.2644376899696,0,1.000110865
MNIST,4,baseline_ft,1,60.023156,269056,0.000223087966817317,22.8502,0.00509760465936906,22.2644376899696,0,1.00038593333333
MNIST,4,baseline,2,60.020304,266880,0.000224896223021583,21.928,0.00493152437841727,22.2644376899696,0,1.0003384
MNIST,4,pruned,3,60.002579,301056,0.000199307035900298,22.7138666666667,0.00452703343916791,22.2644376899696,0,1.00004298333333
MNIST,5,pruned,1,60.0040781,297728,0.000201539922681105,22.4317333333333,0.00452088980160316,22.2644376899696,0,1.00006796833333
MNIST,5,baseline,2,60.0366549,265600,0.000226041622364458,22.95,0.00518765523326431,22.2644376899696,0,1.000610915
MNIST,5,baseline_ft,3,60.0074908,260096,0.000230712855253445,22.2305333333333,0.00512886981914021,22.2644376899696,0,1.00012484666667
MNIST,6,baseline_ft,1,60.0014249,253056,0.000237107299965225,23.0672,0.00546940150975784,22.2644376899696,0,1.00002374833333
MNIST,6,pruned,2,60.0040556,275072,0.000218139452943229,21.8623666666667,0.00476904470471096,22.2644376899696,0,1.00006759333333
MNIST,6,baseline,3,60.0089618,257152,0.000233359887537332,22.5272333333333,0.0052569526371939,22.2644376899696,0,1.00014936333333
Fashion-MNIST,1,pruned,1,60.0133424,314624,0.000190746231692433,23.1462,0.00441505042799939,24.4395896656535,0,1.00022237333333
Fashion-MNIST,1,baseline,2,60.015829,277248,0.000216469835670591,22.9363666666667,0.00496503152321375,24.4395896656535,0,1.00026381666667
Fashion-MNIST,1,baseline_ft,3,60.0243508,281856,0.00021296105387148,22.9408333333333,0.00488550404335665,24.4395896656535,0,1.00040584666667
Fashion-MNIST,2,pruned,1,60.0154488,330880,0.000181381312862669,22.7907,0.00413380708705924,24.4395896656535,0,1.00025748
Fashion-MNIST,2,baseline_ft,2,60.0037972,284672,0.000210782223752248,23.7251,0.00500082933674446,24.4395896656535,0,1.00006328666667
Fashion-MNIST,2,baseline,3,60.0036649,279040,0.000215036069739105,23.0471333333333,0.00495596497075313,24.4395896656535,0,1.00006108166667
Fashion-MNIST,3,baseline,1,60.0074412,282240,0.000212611398809524,23.2406333333333,0.00494122356221925,24.4395896656535,0,1.00012402
Fashion-MNIST,3,baseline_ft,2,60.0183321,281216,0.000213424314761607,23.2671333333333,0.00496577198813361,24.4395896656535,0,1.000305535
Fashion-MNIST,3,pruned,3,60.0163547,333696,0.000179853383618623,23.3913448275862,0.00420701251463135,24.4395896656535,0,1.00027257833333
Fashion-MNIST,4,baseline_ft,1,60.015098,282752,0.000212253487154821,23.2786666666667,0.0049409781763147,24.4395896656535,0,1.00025163333333
Fashion-MNIST,4,baseline,2,60.0050641,285056,0.000210502722622923,22.9781,0.00483695261070179,24.4395896656535,0,1.00008440166667
Fashion-MNIST,4,pruned,3,323.7623888,196224,0.00164996325016308,17.5498636363636,0.0289566300453734,24.4395896656535,1,5.39603981333333
Fashion-MNIST,5,pruned,1,60.0212964,349568,0.0001717013468052,27.8256666666667,0.00477770444241921,24.4395896656535,0,1.00035494
Fashion-MNIST,5,baseline,2,60.0084107,306304,0.000195911286499687,26.3044137931034,0.005153331546827,24.4395896656535,0,1.00014017833333
Fashion-MNIST,5,baseline_ft,3,60.0163896,306944,0.000195528792222686,26.9950666666667,0.00527831278130421,24.4395896656535,0,1.00027316
Fashion-MNIST,6,baseline_ft,1,60.0241193,303488,0.000197780865470793,27.8974,0.0055175719163849,24.4395896656535,0,1.00040198833333
Fashion-MNIST,6,pruned,2,60.0122853,355584,0.000168771050722192,27.6351333333333,0.00466401048951454,24.4395896656535,0,1.000204755
Fashion-MNIST,6,baseline,3,60.0220007,307328,0.000195302740720012,27.3452666666667,0.0053406055257196,24.4395896656535,0,1.00036667833333
MIT-BIH,1,pruned,1,60.0055484,852096,7.04211126445847e-05,24.7994666666667,0.00174640603565896,25.5090589822309,0,1.00009247333333
MIT-BIH,1,baseline,2,60.0073231,791424,7.58219653434821e-05,23.9671333333333,0.00181723515298262,25.5090589822309,0,1.00012205166667
MIT-BIH,1,baseline_ft,3,60.0050362,799232,7.50783704856662e-05,24.2593666666667,0.00182135371834762,25.5090589822309,0,1.00008393666667
MIT-BIH,2,pruned,1,60.0086311,874880,6.85906994102048e-05,23.8952666666667,0.00163899305326002,25.5090589822309,0,1.00014385166667
MIT-BIH,2,baseline_ft,2,60.0032866,779776,7.69493887988345e-05,23.5866333333333,0.00181497701882222,25.5090589822309,0,1.00005477666667
MIT-BIH,2,baseline,3,60.0055645,779008,7.70281749353023e-05,23.4518,0.00180644935294772,25.5090589822309,0,1.00009274166667
MIT-BIH,3,baseline,1,60.0088649,755840,7.93936083033446e-05,19.9877333333333,0.00158689827113837,25.5090589822309,0,1.00014774833333
MIT-BIH,3,baseline_ft,2,60.0045846,736896,8.14288374478895e-05,16.8488333333333,0.00137198091068658,25.5090589822309,0,1.00007641
MIT-BIH,3,pruned,3,60.0013974,788480,7.60975514914773e-05,17.0127,0.00129462481425906,25.5090589822309,0,1.00002329
MIT-BIH,4,baseline_ft,1,60.006927,844800,7.10309268465909e-05,23.5762333333333,0.00167464170521816,25.5090589822309,0,1.00011545
MIT-BIH,4,baseline,2,60.0054457,789760,7.59793427117099e-05,24.0538333333333,0.00182759444636368,25.5090589822309,0,1.00009076166667
MIT-BIH,4,pruned,3,60.0092733,850688,7.05420474956741e-05,23.5078666666667,0.00165829304692197,25.5090589822309,0,1.000154555
MIT-BIH,5,pruned,1,60.0059743,853888,7.02738231477664e-05,22.6431333333333,0.00159121954737796,25.5090589822309,0,1.00009957166667
MIT-BIH,5,baseline,2,60.01075,779008,7.70348314779823e-05,22.6774,0.00174694968735879,25.5090589822309,0,1.00017916666667
MIT-BIH,5,baseline_ft,3,60.0164038,785024,7.64516802034078e-05,22.7158333333333,0.00173666362555391,25.5090589822309,0,1.00027339666667
MIT-BIH,6,baseline_ft,1,60.0089253,769408,7.79936331569206e-05,22.4262,0.00174910081590373,25.5090589822309,0,1.000148755
MIT-BIH,6,pruned,2,60.0013038,834048,7.1939868928407e-05,22.162,0.00159433137519136,25.5090589822309,0,1.00002173
MIT-BIH,6,baseline,3,60.0115073,779648,7.69725662093663e-05,22.8129333333333,0.00175597002142986,25.5090589822309,0,1.00019178833333
ChestX-ray14,1,pruned,1,60.0510907,18432,0.0032579801812066,21.4956,0.0700322387831445,22.2307692307692,0,1.00085151166667
ChestX-ray14,1,baseline,2,60.0792791,17408,0.0034512453527114,20.1419,0.0695146387697777,22.2307692307692,0,1.00132131833333
ChestX-ray14,1,baseline_ft,3,60.0751679,17280,0.00347657221643519,20.9831333333333,0.0729493783604217,22.2307692307692,0,1.00125279833333
ChestX-ray14,2,pruned,1,60.1086514,19072,0.00315167006082215,20.404,0.0643066759210151,22.2307692307692,0,1.00181085666667
ChestX-ray14,2,baseline_ft,2,60.1586735,17472,0.00344314752174908,19.7766333333333,0.068093866050207,22.2307692307692,0,1.00264455833333
ChestX-ray14,2,baseline,3,60.1008579,17216,0.00349098849326208,20.1817,0.0704540824744673,22.2307692307692,0,1.001680965
ChestX-ray14,3,baseline,1,60.058483,17216,0.00348852712592937,20.1066896551724,0.0701427322747124,22.2307692307692,0,1.00097471666667
ChestX-ray14,3,baseline_ft,2,60.0809954,17408,0.0034513439453125,20.3198666666667,0.0701308487895573,22.2307692307692,0,1.00134992333333
ChestX-ray14,3,pruned,3,60.2337963,18944,0.00317957117293074,20.5243333333333,0.0652585786102882,22.2307692307692,0,1.003896605
ChestX-ray14,4,baseline_ft,1,60.0165324,16960,0.00353871063679245,19.9028666666667,0.0704304859759953,22.2307692307692,0,1.00027554
ChestX-ray14,4,baseline,2,60.0816934,18688,0.00321498787457192,18.8053666666667,0.0604590258102122,22.2307692307692,0,1.00136155666667
ChestX-ray14,4,pruned,3,60.1305146,20224,0.00297322560324367,18.0452,0.0536524506556527,22.2307692307692,0,1.00217524333333
ChestX-ray14,5,pruned,1,60.054678,20352,0.00295079982311321,24.1287333333333,0.0711990620519458,22.2307692307692,0,1.0009113
ChestX-ray14,5,baseline,2,60.0766491,17344,0.00346382893796125,21.2302666666667,0.0735380120406342,22.2307692307692,0,1.001277485
ChestX-ray14,5,baseline_ft,3,60.0942221,16896,0.00355671295572917,20.6352666666667,0.0733937202982595,22.2307692307692,0,1.00157036833333
ChestX-ray14,6,baseline_ft,1,60.0553624,18688,0.00321357889554795,20.8803666666667,0.0671007056513028,22.2307692307692,0,1.00092270666667
ChestX-ray14,6,pruned,2,60.122095,20864,0.00288161881710123,22.1337333333333,0.063780982466034,22.2307692307692,0,1.00203491666667
ChestX-ray14,6,baseline,3,60.0162822,20352,0.0029489132370283,21.8716,0.0644974507549882,22.2307692307692,0,1.00027137
